{"solver": "liblinear", "penalty": "l2", "C": 0.9995812734725447, "fit_intercept": true, "class_weight": null, "w1": 0.3860794453367195, "w2": 0.8904182086885833, "w3": 0.05044456447158527, "w4": 0.08487013768714524, "intercept_scaling": 0.9827105413331259, "dual": true}