{"solver": "liblinear", "penalty": "l2", "C": 0.9993235394077904, "fit_intercept": true, "class_weight": null, "w1": 0.09759795600445009, "w2": 0.7322669132896432, "w3": 0.08426230775324407, "w4": 0.20619623341974164, "intercept_scaling": 0.9426373775208393, "dual": true}