{"solver": "liblinear", "penalty": "l2", "C": 0.9998716340956483, "fit_intercept": true, "class_weight": null, "w1": 0.21650719185637712, "w2": 0.6430751139004999, "w3": 0.02724651660737485, "w4": 0.000543899118595103, "intercept_scaling": 0.9995686825428884, "dual": true}